Serial Number,Product Name,Input Image Urls
1,Tablet,https://m.media-amazon.com/images/I/715Dsu2jxWL.jpg
2,Tablet,https://m.media-amazon.com/images/I/715Dsu2jxWL.jpg
3,Tablet,https://m.media-amazon.com/images/I/715Dsu2jxWL.jpg
4,Tablet,https://m.media-amazon.com/images/I/715Dsu2jxWL.jpg
5,Tablet,https://m.media-amazon.com/images/I/715Dsu2jxWL.jpg
6,Headphones,https://shop.zebronics.com/cdn/shop/files/Zeb-Thunderpro-blue-pic-1.jpg?v=1709202990&width=1200
7,Smartwatch,https://m.media-amazon.com/images/I/71pj1+SCfvL.jpg
8,Smartwatch,https://m.media-amazon.com/images/I/71pj1+SCfvL.jpg
9,Laptop,"https://m.media-amazon.com/images/I/510uTHyDqGL._AC_UF1000,1000_QL80_.jpg"
10,Laptop,"https://m.media-amazon.com/images/I/510uTHyDqGL._AC_UF1000,1000_QL80_.jpg"
11,Smartwatch,https://m.media-amazon.com/images/I/71pj1+SCfvL.jpg
12,Laptop,"https://m.media-amazon.com/images/I/510uTHyDqGL._AC_UF1000,1000_QL80_.jpg"
13,Headphones,https://shop.zebronics.com/cdn/shop/files/Zeb-Thunderpro-blue-pic-1.jpg?v=1709202990&width=1200
14,Smartphone,https://www.ibef.org/uploads/blog/blog_athletic-woman_16thsept.jpg
15,Headphones,https://shop.zebronics.com/cdn/shop/files/Zeb-Thunderpro-blue-pic-1.jpg?v=1709202990&width=1200
16,Laptop,"https://m.media-amazon.com/images/I/510uTHyDqGL._AC_UF1000,1000_QL80_.jpg"
17,Headphones,https://shop.zebronics.com/cdn/shop/files/Zeb-Thunderpro-blue-pic-1.jpg?v=1709202990&width=1200
18,Tablet,https://m.media-amazon.com/images/I/715Dsu2jxWL.jpg
19,Laptop,"https://m.media-amazon.com/images/I/510uTHyDqGL._AC_UF1000,1000_QL80_.jpg"
20,Tablet,https://m.media-amazon.com/images/I/715Dsu2jxWL.jpg
21,Smartphone,https://www.ibef.org/uploads/blog/blog_athletic-woman_16thsept.jpg
22,Tablet,https://m.media-amazon.com/images/I/715Dsu2jxWL.jpg
23,Headphones,https://shop.zebronics.com/cdn/shop/files/Zeb-Thunderpro-blue-pic-1.jpg?v=1709202990&width=1200
24,Tablet,https://m.media-amazon.com/images/I/715Dsu2jxWL.jpg
25,Laptop,"https://m.media-amazon.com/images/I/510uTHyDqGL._AC_UF1000,1000_QL80_.jpg"
26,Tablet,https://m.media-amazon.com/images/I/715Dsu2jxWL.jpg
27,Smartwatch,https://m.media-amazon.com/images/I/71pj1+SCfvL.jpg
28,Headphones,https://shop.zebronics.com/cdn/shop/files/Zeb-Thunderpro-blue-pic-1.jpg?v=1709202990&width=1200
29,Headphones,https://shop.zebronics.com/cdn/shop/files/Zeb-Thunderpro-blue-pic-1.jpg?v=1709202990&width=1200
30,Smartphone,https://www.ibef.org/uploads/blog/blog_athletic-woman_16thsept.jpg
31,Tablet,https://m.media-amazon.com/images/I/715Dsu2jxWL.jpg
32,Headphones,https://shop.zebronics.com/cdn/shop/files/Zeb-Thunderpro-blue-pic-1.jpg?v=1709202990&width=1200
33,Smartwatch,https://m.media-amazon.com/images/I/71pj1+SCfvL.jpg
34,Laptop,"https://m.media-amazon.com/images/I/510uTHyDqGL._AC_UF1000,1000_QL80_.jpg"
35,Smartwatch,https://m.media-amazon.com/images/I/71pj1+SCfvL.jpg
36,Headphones,https://shop.zebronics.com/cdn/shop/files/Zeb-Thunderpro-blue-pic-1.jpg?v=1709202990&width=1200
37,Smartwatch,https://m.media-amazon.com/images/I/71pj1+SCfvL.jpg
38,Laptop,"https://m.media-amazon.com/images/I/510uTHyDqGL._AC_UF1000,1000_QL80_.jpg"
39,Laptop,"https://m.media-amazon.com/images/I/510uTHyDqGL._AC_UF1000,1000_QL80_.jpg"
40,Smartphone,https://www.ibef.org/uploads/blog/blog_athletic-woman_16thsept.jpg
41,Smartphone,https://www.ibef.org/uploads/blog/blog_athletic-woman_16thsept.jpg
42,Laptop,"https://m.media-amazon.com/images/I/510uTHyDqGL._AC_UF1000,1000_QL80_.jpg"
43,Laptop,"https://m.media-amazon.com/images/I/510uTHyDqGL._AC_UF1000,1000_QL80_.jpg"
44,Laptop,"https://m.media-amazon.com/images/I/510uTHyDqGL._AC_UF1000,1000_QL80_.jpg"
45,Smartwatch,https://m.media-amazon.com/images/I/71pj1+SCfvL.jpg
46,Laptop,"https://m.media-amazon.com/images/I/510uTHyDqGL._AC_UF1000,1000_QL80_.jpg"
47,Laptop,"https://m.media-amazon.com/images/I/510uTHyDqGL._AC_UF1000,1000_QL80_.jpg"
48,Tablet,https://m.media-amazon.com/images/I/715Dsu2jxWL.jpg
49,Laptop,"https://m.media-amazon.com/images/I/510uTHyDqGL._AC_UF1000,1000_QL80_.jpg"
50,Smartwatch,https://m.media-amazon.com/images/I/71pj1+SCfvL.jpg
51,Tablet,https://m.media-amazon.com/images/I/715Dsu2jxWL.jpg
52,Smartwatch,https://m.media-amazon.com/images/I/71pj1+SCfvL.jpg
53,Smartphone,https://www.ibef.org/uploads/blog/blog_athletic-woman_16thsept.jpg
54,Smartphone,https://www.ibef.org/uploads/blog/blog_athletic-woman_16thsept.jpg
55,Tablet,https://m.media-amazon.com/images/I/715Dsu2jxWL.jpg
56,Smartwatch,https://m.media-amazon.com/images/I/71pj1+SCfvL.jpg
57,Tablet,https://m.media-amazon.com/images/I/715Dsu2jxWL.jpg
58,Laptop,"https://m.media-amazon.com/images/I/510uTHyDqGL._AC_UF1000,1000_QL80_.jpg"
59,Smartphone,https://www.ibef.org/uploads/blog/blog_athletic-woman_16thsept.jpg
60,Laptop,"https://m.media-amazon.com/images/I/510uTHyDqGL._AC_UF1000,1000_QL80_.jpg"
61,Tablet,https://m.media-amazon.com/images/I/715Dsu2jxWL.jpg
62,Smartphone,https://www.ibef.org/uploads/blog/blog_athletic-woman_16thsept.jpg
63,Headphones,https://shop.zebronics.com/cdn/shop/files/Zeb-Thunderpro-blue-pic-1.jpg?v=1709202990&width=1200
64,Headphones,https://shop.zebronics.com/cdn/shop/files/Zeb-Thunderpro-blue-pic-1.jpg?v=1709202990&width=1200
65,Headphones,https://shop.zebronics.com/cdn/shop/files/Zeb-Thunderpro-blue-pic-1.jpg?v=1709202990&width=1200
66,Laptop,"https://m.media-amazon.com/images/I/510uTHyDqGL._AC_UF1000,1000_QL80_.jpg"
67,Smartphone,https://www.ibef.org/uploads/blog/blog_athletic-woman_16thsept.jpg
68,Smartwatch,https://m.media-amazon.com/images/I/71pj1+SCfvL.jpg
69,Headphones,https://shop.zebronics.com/cdn/shop/files/Zeb-Thunderpro-blue-pic-1.jpg?v=1709202990&width=1200
70,Smartphone,https://www.ibef.org/uploads/blog/blog_athletic-woman_16thsept.jpg
71,Laptop,"https://m.media-amazon.com/images/I/510uTHyDqGL._AC_UF1000,1000_QL80_.jpg"
72,Laptop,"https://m.media-amazon.com/images/I/510uTHyDqGL._AC_UF1000,1000_QL80_.jpg"
73,Smartwatch,https://m.media-amazon.com/images/I/71pj1+SCfvL.jpg
74,Tablet,https://m.media-amazon.com/images/I/715Dsu2jxWL.jpg
75,Tablet,https://m.media-amazon.com/images/I/715Dsu2jxWL.jpg
76,Laptop,"https://m.media-amazon.com/images/I/510uTHyDqGL._AC_UF1000,1000_QL80_.jpg"
77,Headphones,https://shop.zebronics.com/cdn/shop/files/Zeb-Thunderpro-blue-pic-1.jpg?v=1709202990&width=1200
78,Headphones,https://shop.zebronics.com/cdn/shop/files/Zeb-Thunderpro-blue-pic-1.jpg?v=1709202990&width=1200
79,Smartwatch,https://m.media-amazon.com/images/I/71pj1+SCfvL.jpg
80,Tablet,https://m.media-amazon.com/images/I/715Dsu2jxWL.jpg
81,Smartphone,https://www.ibef.org/uploads/blog/blog_athletic-woman_16thsept.jpg
82,Smartphone,https://www.ibef.org/uploads/blog/blog_athletic-woman_16thsept.jpg
83,Smartphone,https://www.ibef.org/uploads/blog/blog_athletic-woman_16thsept.jpg
84,Smartphone,https://www.ibef.org/uploads/blog/blog_athletic-woman_16thsept.jpg
85,Smartphone,https://www.ibef.org/uploads/blog/blog_athletic-woman_16thsept.jpg
86,Headphones,https://shop.zebronics.com/cdn/shop/files/Zeb-Thunderpro-blue-pic-1.jpg?v=1709202990&width=1200
87,Laptop,"https://m.media-amazon.com/images/I/510uTHyDqGL._AC_UF1000,1000_QL80_.jpg"
88,Smartwatch,https://m.media-amazon.com/images/I/71pj1+SCfvL.jpg
89,Headphones,https://shop.zebronics.com/cdn/shop/files/Zeb-Thunderpro-blue-pic-1.jpg?v=1709202990&width=1200
90,Smartwatch,https://m.media-amazon.com/images/I/71pj1+SCfvL.jpg
91,Headphones,https://shop.zebronics.com/cdn/shop/files/Zeb-Thunderpro-blue-pic-1.jpg?v=1709202990&width=1200
92,Smartwatch,https://m.media-amazon.com/images/I/71pj1+SCfvL.jpg
93,Smartwatch,https://m.media-amazon.com/images/I/71pj1+SCfvL.jpg
94,Laptop,"https://m.media-amazon.com/images/I/510uTHyDqGL._AC_UF1000,1000_QL80_.jpg"
95,Smartphone,https://www.ibef.org/uploads/blog/blog_athletic-woman_16thsept.jpg
96,Smartwatch,https://m.media-amazon.com/images/I/71pj1+SCfvL.jpg
97,Smartwatch,https://m.media-amazon.com/images/I/71pj1+SCfvL.jpg
98,Headphones,https://shop.zebronics.com/cdn/shop/files/Zeb-Thunderpro-blue-pic-1.jpg?v=1709202990&width=1200
99,Smartwatch,https://m.media-amazon.com/images/I/71pj1+SCfvL.jpg
100,Tablet,https://m.media-amazon.com/images/I/715Dsu2jxWL.jpg
101,Smartwatch,https://m.media-amazon.com/images/I/71pj1+SCfvL.jpg
102,Smartphone,https://www.ibef.org/uploads/blog/blog_athletic-woman_16thsept.jpg
103,Smartphone,https://www.ibef.org/uploads/blog/blog_athletic-woman_16thsept.jpg
104,Tablet,https://m.media-amazon.com/images/I/715Dsu2jxWL.jpg
105,Smartphone,https://www.ibef.org/uploads/blog/blog_athletic-woman_16thsept.jpg
106,Headphones,https://shop.zebronics.com/cdn/shop/files/Zeb-Thunderpro-blue-pic-1.jpg?v=1709202990&width=1200
107,Smartwatch,https://m.media-amazon.com/images/I/71pj1+SCfvL.jpg
108,Smartphone,https://www.ibef.org/uploads/blog/blog_athletic-woman_16thsept.jpg
109,Tablet,https://m.media-amazon.com/images/I/715Dsu2jxWL.jpg
110,Smartwatch,https://m.media-amazon.com/images/I/71pj1+SCfvL.jpg
111,Tablet,https://m.media-amazon.com/images/I/715Dsu2jxWL.jpg
112,Headphones,https://shop.zebronics.com/cdn/shop/files/Zeb-Thunderpro-blue-pic-1.jpg?v=1709202990&width=1200
113,Tablet,https://m.media-amazon.com/images/I/715Dsu2jxWL.jpg
114,Smartphone,https://www.ibef.org/uploads/blog/blog_athletic-woman_16thsept.jpg
115,Headphones,https://shop.zebronics.com/cdn/shop/files/Zeb-Thunderpro-blue-pic-1.jpg?v=1709202990&width=1200
116,Smartwatch,https://m.media-amazon.com/images/I/71pj1+SCfvL.jpg
117,Smartwatch,https://m.media-amazon.com/images/I/71pj1+SCfvL.jpg
118,Smartphone,https://www.ibef.org/uploads/blog/blog_athletic-woman_16thsept.jpg
119,Smartphone,https://www.ibef.org/uploads/blog/blog_athletic-woman_16thsept.jpg
120,Smartphone,https://www.ibef.org/uploads/blog/blog_athletic-woman_16thsept.jpg
121,Smartwatch,https://m.media-amazon.com/images/I/71pj1+SCfvL.jpg
122,Tablet,https://m.media-amazon.com/images/I/715Dsu2jxWL.jpg
123,Tablet,https://m.media-amazon.com/images/I/715Dsu2jxWL.jpg
124,Laptop,"https://m.media-amazon.com/images/I/510uTHyDqGL._AC_UF1000,1000_QL80_.jpg"
125,Smartphone,https://www.ibef.org/uploads/blog/blog_athletic-woman_16thsept.jpg
126,Headphones,https://shop.zebronics.com/cdn/shop/files/Zeb-Thunderpro-blue-pic-1.jpg?v=1709202990&width=1200
127,Smartphone,https://www.ibef.org/uploads/blog/blog_athletic-woman_16thsept.jpg
128,Headphones,https://shop.zebronics.com/cdn/shop/files/Zeb-Thunderpro-blue-pic-1.jpg?v=1709202990&width=1200
129,Smartphone,https://www.ibef.org/uploads/blog/blog_athletic-woman_16thsept.jpg
130,Headphones,https://shop.zebronics.com/cdn/shop/files/Zeb-Thunderpro-blue-pic-1.jpg?v=1709202990&width=1200
131,Smartwatch,https://m.media-amazon.com/images/I/71pj1+SCfvL.jpg
132,Tablet,https://m.media-amazon.com/images/I/715Dsu2jxWL.jpg
133,Tablet,https://m.media-amazon.com/images/I/715Dsu2jxWL.jpg
134,Headphones,https://shop.zebronics.com/cdn/shop/files/Zeb-Thunderpro-blue-pic-1.jpg?v=1709202990&width=1200
135,Headphones,https://shop.zebronics.com/cdn/shop/files/Zeb-Thunderpro-blue-pic-1.jpg?v=1709202990&width=1200
136,Smartwatch,https://m.media-amazon.com/images/I/71pj1+SCfvL.jpg
137,Smartphone,https://www.ibef.org/uploads/blog/blog_athletic-woman_16thsept.jpg
138,Headphones,https://shop.zebronics.com/cdn/shop/files/Zeb-Thunderpro-blue-pic-1.jpg?v=1709202990&width=1200
139,Laptop,"https://m.media-amazon.com/images/I/510uTHyDqGL._AC_UF1000,1000_QL80_.jpg"
140,Headphones,https://shop.zebronics.com/cdn/shop/files/Zeb-Thunderpro-blue-pic-1.jpg?v=1709202990&width=1200
141,Headphones,https://shop.zebronics.com/cdn/shop/files/Zeb-Thunderpro-blue-pic-1.jpg?v=1709202990&width=1200
142,Tablet,https://m.media-amazon.com/images/I/715Dsu2jxWL.jpg
143,Smartphone,https://www.ibef.org/uploads/blog/blog_athletic-woman_16thsept.jpg
144,Headphones,https://shop.zebronics.com/cdn/shop/files/Zeb-Thunderpro-blue-pic-1.jpg?v=1709202990&width=1200
145,Smartwatch,https://m.media-amazon.com/images/I/71pj1+SCfvL.jpg
146,Headphones,https://shop.zebronics.com/cdn/shop/files/Zeb-Thunderpro-blue-pic-1.jpg?v=1709202990&width=1200
147,Headphones,https://shop.zebronics.com/cdn/shop/files/Zeb-Thunderpro-blue-pic-1.jpg?v=1709202990&width=1200
148,Tablet,https://m.media-amazon.com/images/I/715Dsu2jxWL.jpg
149,Tablet,https://m.media-amazon.com/images/I/715Dsu2jxWL.jpg
150,Tablet,https://m.media-amazon.com/images/I/715Dsu2jxWL.jpg
151,Headphones,https://shop.zebronics.com/cdn/shop/files/Zeb-Thunderpro-blue-pic-1.jpg?v=1709202990&width=1200
152,Smartphone,https://www.ibef.org/uploads/blog/blog_athletic-woman_16thsept.jpg
153,Smartwatch,https://m.media-amazon.com/images/I/71pj1+SCfvL.jpg
154,Laptop,"https://m.media-amazon.com/images/I/510uTHyDqGL._AC_UF1000,1000_QL80_.jpg"
155,Laptop,"https://m.media-amazon.com/images/I/510uTHyDqGL._AC_UF1000,1000_QL80_.jpg"
156,Smartwatch,https://m.media-amazon.com/images/I/71pj1+SCfvL.jpg
157,Tablet,https://m.media-amazon.com/images/I/715Dsu2jxWL.jpg
158,Laptop,"https://m.media-amazon.com/images/I/510uTHyDqGL._AC_UF1000,1000_QL80_.jpg"
159,Laptop,"https://m.media-amazon.com/images/I/510uTHyDqGL._AC_UF1000,1000_QL80_.jpg"
160,Smartphone,https://www.ibef.org/uploads/blog/blog_athletic-woman_16thsept.jpg
161,Tablet,https://m.media-amazon.com/images/I/715Dsu2jxWL.jpg
162,Smartphone,https://www.ibef.org/uploads/blog/blog_athletic-woman_16thsept.jpg
163,Smartphone,https://www.ibef.org/uploads/blog/blog_athletic-woman_16thsept.jpg
164,Headphones,https://shop.zebronics.com/cdn/shop/files/Zeb-Thunderpro-blue-pic-1.jpg?v=1709202990&width=1200
165,Tablet,https://m.media-amazon.com/images/I/715Dsu2jxWL.jpg
166,Smartphone,https://www.ibef.org/uploads/blog/blog_athletic-woman_16thsept.jpg
167,Tablet,https://m.media-amazon.com/images/I/715Dsu2jxWL.jpg
168,Smartphone,https://www.ibef.org/uploads/blog/blog_athletic-woman_16thsept.jpg
169,Smartphone,https://www.ibef.org/uploads/blog/blog_athletic-woman_16thsept.jpg
170,Tablet,https://m.media-amazon.com/images/I/715Dsu2jxWL.jpg
171,Headphones,https://shop.zebronics.com/cdn/shop/files/Zeb-Thunderpro-blue-pic-1.jpg?v=1709202990&width=1200
172,Tablet,https://m.media-amazon.com/images/I/715Dsu2jxWL.jpg
173,Laptop,"https://m.media-amazon.com/images/I/510uTHyDqGL._AC_UF1000,1000_QL80_.jpg"
174,Tablet,https://m.media-amazon.com/images/I/715Dsu2jxWL.jpg
175,Tablet,https://m.media-amazon.com/images/I/715Dsu2jxWL.jpg
176,Laptop,"https://m.media-amazon.com/images/I/510uTHyDqGL._AC_UF1000,1000_QL80_.jpg"
177,Smartwatch,https://m.media-amazon.com/images/I/71pj1+SCfvL.jpg
178,Tablet,https://m.media-amazon.com/images/I/715Dsu2jxWL.jpg
179,Laptop,"https://m.media-amazon.com/images/I/510uTHyDqGL._AC_UF1000,1000_QL80_.jpg"
180,Laptop,"https://m.media-amazon.com/images/I/510uTHyDqGL._AC_UF1000,1000_QL80_.jpg"
181,Headphones,https://shop.zebronics.com/cdn/shop/files/Zeb-Thunderpro-blue-pic-1.jpg?v=1709202990&width=1200
182,Tablet,https://m.media-amazon.com/images/I/715Dsu2jxWL.jpg
183,Tablet,https://m.media-amazon.com/images/I/715Dsu2jxWL.jpg
184,Smartphone,https://www.ibef.org/uploads/blog/blog_athletic-woman_16thsept.jpg
185,Laptop,"https://m.media-amazon.com/images/I/510uTHyDqGL._AC_UF1000,1000_QL80_.jpg"
186,Smartwatch,https://m.media-amazon.com/images/I/71pj1+SCfvL.jpg
187,Headphones,https://shop.zebronics.com/cdn/shop/files/Zeb-Thunderpro-blue-pic-1.jpg?v=1709202990&width=1200
188,Laptop,"https://m.media-amazon.com/images/I/510uTHyDqGL._AC_UF1000,1000_QL80_.jpg"
189,Laptop,"https://m.media-amazon.com/images/I/510uTHyDqGL._AC_UF1000,1000_QL80_.jpg"
190,Smartwatch,https://m.media-amazon.com/images/I/71pj1+SCfvL.jpg
191,Laptop,"https://m.media-amazon.com/images/I/510uTHyDqGL._AC_UF1000,1000_QL80_.jpg"
192,Laptop,"https://m.media-amazon.com/images/I/510uTHyDqGL._AC_UF1000,1000_QL80_.jpg"
193,Laptop,"https://m.media-amazon.com/images/I/510uTHyDqGL._AC_UF1000,1000_QL80_.jpg"
194,Smartphone,https://www.ibef.org/uploads/blog/blog_athletic-woman_16thsept.jpg
195,Headphones,https://shop.zebronics.com/cdn/shop/files/Zeb-Thunderpro-blue-pic-1.jpg?v=1709202990&width=1200
196,Headphones,https://shop.zebronics.com/cdn/shop/files/Zeb-Thunderpro-blue-pic-1.jpg?v=1709202990&width=1200
197,Smartphone,https://www.ibef.org/uploads/blog/blog_athletic-woman_16thsept.jpg
198,Smartwatch,https://m.media-amazon.com/images/I/71pj1+SCfvL.jpg
199,Smartphone,https://www.ibef.org/uploads/blog/blog_athletic-woman_16thsept.jpg
200,Headphones,https://shop.zebronics.com/cdn/shop/files/Zeb-Thunderpro-blue-pic-1.jpg?v=1709202990&width=1200
